{
    "multipart": [
        {   "when": { "facing": "up" },
            "apply": { "model": "dispenser_vertical" }
        },
        {   "when": { "facing": "down" },
            "apply": { "model": "dispenser_vertical", "x": 180 }
        },
        {   "when": { "facing": "north" },
            "apply": { "model": "dispenser" }
        },
        {   "when": { "facing": "south" },
            "apply": { "model": "dispenser", "y": 180 }
        },
        {   "when": { "facing": "east" },
            "apply": { "model": "dispenser", "y": 90 }
        },
        {   "when": { "facing": "west" },
            "apply": { "model": "dispenser", "y": 270 }
        },
        {   "when": { "facing": "up", "triggered": "false" },
            "apply": { "model": "dd_off" }
        },
        {   "when": { "facing": "down", "triggered": "false" },
            "apply": { "model": "dd_off", "x": 180 }
        },
        {   "when": { "facing": "north", "triggered": "false" },
            "apply": { "model": "dd_off", "x": 90 }
        },
        {   "when": { "facing": "south", "triggered": "false" },
            "apply": { "model": "dd_off", "y": 180, "x": 90 }
        },
        {   "when": { "facing": "east", "triggered": "false" },
            "apply": { "model": "dd_off", "y": 90, "x": 90 }
        },
        {   "when": { "facing": "west", "triggered": "false" },
            "apply": { "model": "dd_off", "y": 270, "x": 90 }
        },
        {   "when": { "facing": "up", "triggered": "true" },
            "apply": { "model": "dd_on" }
        },
        {   "when": { "facing": "down", "triggered": "true" },
            "apply": { "model": "dd_on", "x": 180 }
        },
        {   "when": { "facing": "north", "triggered": "true" },
            "apply": { "model": "dd_on", "x": 90 }
        },
        {   "when": { "facing": "south", "triggered": "true" },
            "apply": { "model": "dd_on", "y": 180, "x": 90 }
        },
        {   "when": { "facing": "east", "triggered": "true" },
            "apply": { "model": "dd_on", "y": 90, "x": 90 }
        },
        {   "when": { "facing": "west", "triggered": "true" },
            "apply": { "model": "dd_on", "y": 270, "x": 90 }
        }
    ]
}