{
	"ambientocclusion": false,
	"textures": {
		"number": "font/ascii"
    },
	"elements": [
        {	"from": [ 5.25, 1.05, 6.25 ],
			"to":   [ 7.75, 1.05, 9.75 ],
			"faces": {
				"up": { "texture": "#number", "uv": [ 1, 3, 1.625, 3.875 ] }
			}
		},
        {	"from": [ 5.5, 1, 6.5 ],
			"to":   [ 8  , 1,  10 ],
			"faces": {
				"up": { "texture": "#number", "uv": [ 1, 3, 1.625, 3.875 ], "tintindex": 1 }
			}
		},
        {	"from": [ 5.5, 1,   6 ],
			"to":   [ 8  , 1, 9.5 ],
			"faces": {
				"up": { "texture": "#number", "uv": [ 1, 3, 1.625, 3.875 ], "tintindex": 1 }
			}
		},
        {	"from": [ 5  , 1, 6.5 ],
			"to":   [ 7.5, 1,  10 ],
			"faces": {
				"up": { "texture": "#number", "uv": [ 1, 3, 1.625, 3.875 ], "tintindex": 1 }
			}
		},
        {	"from": [ 5  , 1,   6 ],
			"to":   [ 7.5, 1, 9.5 ],
			"faces": {
				"up": { "texture": "#number", "uv": [ 1, 3, 1.625, 3.875 ], "tintindex": 1 }
			}
		},
        {	"from": [ 8.25, 1.05, 6.25 ],
			"to":   [ 10.75, 1.05, 9.75 ],
			"faces": {
				"up": { "texture": "#number", "uv": [ 0, 3, 0.625, 3.875 ] }
			}
		},
        {	"from": [ 8.5, 1, 6.5 ],
			"to":   [ 11 , 1,  10 ],
			"faces": {
				"up": { "texture": "#number", "uv": [ 0, 3, 0.625, 3.875 ], "tintindex": 1 }
			}
		},
        {	"from": [ 8.5, 1,   6 ],
			"to":   [ 11, 1, 9.5 ],
			"faces": {
				"up": { "texture": "#number", "uv": [ 0, 3, 0.625, 3.875 ], "tintindex": 1 }
			}
		},
        {	"from": [ 8   , 1, 6.5 ],
			"to":   [ 10.5, 1,  10 ],
			"faces": {
				"up": { "texture": "#number", "uv": [ 0, 3, 0.625, 3.875 ], "tintindex": 1 }
			}
		},
        {	"from": [ 8   , 1,   6 ],
			"to":   [ 10.5, 1, 9.5 ],
			"faces": {
				"up": { "texture": "#number", "uv": [ 0, 3, 0.625, 3.875 ], "tintindex": 1 }
			}
		}
	]
}